Method,Name,Error,Occurrences
GET,/prod/checkprime?number=32219842163100497,HTTPError('504 Server Error: Gateway Timeout for url: /prod/checkprime?number=32219842163100497'),1
GET,/prod/checkprime?number=25429274120707207,HTTPError('504 Server Error: Gateway Timeout for url: /prod/checkprime?number=25429274120707207'),1
GET,/prod/checkprime?number=62968910425585181,HTTPError('504 Server Error: Gateway Timeout for url: /prod/checkprime?number=62968910425585181'),1
GET,/prod/checkprime?number=69264830673902099,HTTPError('504 Server Error: Gateway Timeout for url: /prod/checkprime?number=69264830673902099'),1
GET,/prod/checkprime?number=98791948329186617,HTTPError('504 Server Error: Gateway Timeout for url: /prod/checkprime?number=98791948329186617'),1
GET,/prod/checkprime?number=23181844017365353,HTTPError('504 Server Error: Gateway Timeout for url: /prod/checkprime?number=23181844017365353'),1
GET,/prod/checkprime?number=82434950344048087,HTTPError('504 Server Error: Gateway Timeout for url: /prod/checkprime?number=82434950344048087'),1
GET,/prod/checkprime?number=33808286095418819,HTTPError('504 Server Error: Gateway Timeout for url: /prod/checkprime?number=33808286095418819'),1
GET,/prod/checkprime?number=87043191305735633,HTTPError('504 Server Error: Gateway Timeout for url: /prod/checkprime?number=87043191305735633'),1
GET,/prod/checkprime?number=98669035811420563,HTTPError('504 Server Error: Gateway Timeout for url: /prod/checkprime?number=98669035811420563'),1
GET,/prod/checkprime?number=69503227146955337,HTTPError('504 Server Error: Gateway Timeout for url: /prod/checkprime?number=69503227146955337'),1
GET,/prod/checkprime?number=78172603414216631,HTTPError('504 Server Error: Gateway Timeout for url: /prod/checkprime?number=78172603414216631'),1
GET,/prod/checkprime?number=79881567916484947,HTTPError('504 Server Error: Gateway Timeout for url: /prod/checkprime?number=79881567916484947'),1
GET,/prod/checkprime?number=72518709128462783,HTTPError('504 Server Error: Gateway Timeout for url: /prod/checkprime?number=72518709128462783'),1
GET,/prod/checkprime?number=37537557293405789,HTTPError('504 Server Error: Gateway Timeout for url: /prod/checkprime?number=37537557293405789'),1
GET,/prod/checkprime?number=34529773261462979,HTTPError('504 Server Error: Gateway Timeout for url: /prod/checkprime?number=34529773261462979'),1
GET,/prod/checkprime?number=40181298558541523,HTTPError('504 Server Error: Gateway Timeout for url: /prod/checkprime?number=40181298558541523'),1
GET,/prod/checkprime?number=31926309307366723,HTTPError('504 Server Error: Gateway Timeout for url: /prod/checkprime?number=31926309307366723'),1
GET,/prod/checkprime?number=79435693580874157,HTTPError('504 Server Error: Gateway Timeout for url: /prod/checkprime?number=79435693580874157'),1
GET,/prod/checkprime?number=68736928205237113,HTTPError('504 Server Error: Gateway Timeout for url: /prod/checkprime?number=68736928205237113'),1
GET,/prod/checkprime?number=95129459616599959,HTTPError('504 Server Error: Gateway Timeout for url: /prod/checkprime?number=95129459616599959'),1
GET,/prod/checkprime?number=72841772695326851,HTTPError('504 Server Error: Gateway Timeout for url: /prod/checkprime?number=72841772695326851'),1
GET,/prod/checkprime?number=24509013365347187,HTTPError('504 Server Error: Gateway Timeout for url: /prod/checkprime?number=24509013365347187'),1
GET,/prod/checkprime?number=69991853286324869,HTTPError('504 Server Error: Gateway Timeout for url: /prod/checkprime?number=69991853286324869'),1
GET,/prod/checkprime?number=80266031504837471,HTTPError('504 Server Error: Gateway Timeout for url: /prod/checkprime?number=80266031504837471'),1
GET,/prod/checkprime?number=31048004469917219,HTTPError('504 Server Error: Gateway Timeout for url: /prod/checkprime?number=31048004469917219'),1
GET,/prod/checkprime?number=68239044310676999,HTTPError('504 Server Error: Gateway Timeout for url: /prod/checkprime?number=68239044310676999'),1
GET,/prod/checkprime?number=72579958265601637,HTTPError('504 Server Error: Gateway Timeout for url: /prod/checkprime?number=72579958265601637'),1
GET,/prod/checkprime?number=64377670236756917,HTTPError('504 Server Error: Gateway Timeout for url: /prod/checkprime?number=64377670236756917'),1
GET,/prod/checkprime?number=88650889540649743,HTTPError('504 Server Error: Gateway Timeout for url: /prod/checkprime?number=88650889540649743'),1
GET,/prod/checkprime?number=88839572825444923,HTTPError('504 Server Error: Gateway Timeout for url: /prod/checkprime?number=88839572825444923'),1
GET,/prod/checkprime?number=97275634086814627,HTTPError('504 Server Error: Gateway Timeout for url: /prod/checkprime?number=97275634086814627'),1
GET,/prod/checkprime?number=34427018179862303,HTTPError('504 Server Error: Gateway Timeout for url: /prod/checkprime?number=34427018179862303'),1
